message_id,http_code,elapsed_time
748185ea-0a28-4167-957c-2052cb274acf,200,.052251206
96596245-7294-4ee0-b199-7083b35b0c31,200,.046551783
f851249f-0886-44b0-9b66-19572e07d6aa,200,.056434936
c6440c54-79b8-4a4b-8144-a6461de01c0c,200,.051054494
5b0581e8-4dc1-498a-8e5d-ab35846662d0,200,.045051360
96bda70e-ab0f-4a43-94a3-da6f3ccf5400,200,.045232271
c92cfea4-9937-41ff-b0e1-40fb5e53c558,200,.054051703
b88fe5bb-52c5-45a2-8d98-6dd34acb7047,200,.047900807
c5be8bf0-dc8f-474a-a29d-9b004c75afc7,200,.046055751
33e4d9ca-bbb2-4821-8244-3e415601688f,200,.054685907
d346cf5f-5aa4-4423-ae8e-e34c80ff3c1a,200,.045367142
5ba4b6a2-e5b3-4be8-a10c-7308de3d088f,200,.050514668
646e970d-4f09-43e6-a390-63f8d673cfe9,200,.049174717
3f8166a4-7d30-4652-af6d-c21493147342,200,.044620119
fc068e1f-a416-4ee0-97f3-5fc4713a898b,200,.047545953
c07c5e8f-6e83-4c8f-9c44-0f95a75776f7,200,.046481359
86c71083-86cb-4479-8ade-9e154e388eee,200,.048989016
43ca24ad-05fc-4487-bfee-60ffa5f84d11,200,.046122490
17a9f6cb-d98b-4c04-bee9-8314a8c2ddd3,200,.046223971
ab5434b2-c2ba-4231-8ab6-9512e196a06c,200,.054143125
8ba96f5a-7e5f-4dbe-bf56-1a0140e7ac9d,200,.025187146
cf6676c3-f31d-45a0-9e93-34286476192a,200,.027884383
33f88129-b641-47e5-a30d-4f5a767b6d33,200,.025033507
a7d3ba9f-1d3e-4679-9a00-b03da27b9269,200,.023975516
d9a72f26-27f0-4d0d-b006-95ec6a2a2b0a,200,.030854934
6a559712-6dbb-49cf-a18f-3e7e507ea269,200,.034125670
08d86412-50b0-45c7-bbb7-066ba35cf9b9,200,.034578515
a9bb82c4-477d-452f-9ded-ca1e8c8e2668,200,.034565773
766f4bb4-fe4a-467a-ba82-caa63bb6740f,200,.035164705
eab534e8-7392-487b-8e31-76fe7ce4025a,200,.035331115
c57f9c28-1c4f-4bb7-9a1f-ebb7e1f324fe,200,.034618381
859c50d5-89b2-4118-bb92-948d1da97f15,200,.035522152
01b57186-c948-4d0a-b6b6-8be373af978f,200,.034814458
4a08700e-229f-4279-a431-513a70d3f4a5,200,.036002021
2c2f4faf-a006-40df-b410-b61d1bfa0873,200,.035400637
eb193e3d-98df-4fea-8c47-41ffa0237fc6,200,.035596822
d532047c-b197-4f9e-b630-7ad023fdee40,200,.035859494
d2f329d4-ae1c-4f34-a2e1-aae6d922b188,200,.036102764
7ecd4e8f-981f-42ec-b26b-7bbc13c7229b,200,.036406535
0b76395d-4c02-46ff-8c10-a2edcd3261bb,200,.037135884
c0291e96-95a5-4081-b09a-3bd42a7a85ca,200,.033319945
f3c09b4a-ac9c-45aa-ae16-5ed21aa13178,200,.033084042
e1ad7662-f0fc-4fcd-9a28-10644ba3ef9a,200,.033561203
38495eac-92ff-404a-8f5b-47950eda4240,200,.037433260
3809bb9c-70ca-4132-9de8-96e5aafec030,200,.031361179
8b547969-2423-432e-b11b-96a104e26ecf,200,.030850178
f4170e80-e08a-4b2d-9e23-650b9070a36c,200,.030949837
a8e6c9c0-aaf9-4acf-903c-052b3b33e424,200,.029633701
a0763a09-4eb5-400e-924f-9cbf495b265a,200,.030683792
45004349-cc61-4d9f-ada2-426bebae698c,200,.029036577
c1957803-fff4-49b1-b389-129ff7537b36,200,.029401576
297aa3aa-da50-4417-8ae9-93db4dd17672,200,.030949209
8b911644-3c4a-42c9-b366-974f44251ed1,200,.029852710
6f22a65b-75a3-4b22-88a0-4c9a2dfb2882,200,.028934736
88bad8b3-18eb-4b81-aca1-dcc7a00eadcb,200,.030905883
db5d3c9a-41ad-4708-995a-4fa5bbab4577,200,.028006609
43d72b6a-c318-47ea-b135-83fff1d89ea9,200,.030599197
d6bbc9fe-d806-451b-a712-e27150417592,200,.028249066
7959ca76-bc73-4a66-a0de-467d2b3de7bd,200,.027767373
d607e2e9-6251-41bf-b1e6-396a10034da1,200,.031425866
51a1a495-7580-4e8a-a011-5e9d9df4d437,200,.031865330
74770f14-2312-42ea-90cf-c01a8bf0216b,200,.032663900
93b187a0-d97e-4770-b168-4e1ae06d2b93,200,.038821817
8d821318-8a15-4c5d-b553-6872819219b4,200,.035092405
f632ab5c-f0ad-4f05-aded-27293f6c1029,200,.034006170
51cfee56-ef5f-461d-acc2-5615e16ac847,200,.035291198
0d7d6d76-6571-44e7-b01b-c22e54b05ae6,200,.036179254
f8a70b71-4b4b-41ec-97ca-9ee537d8029c,200,.034906555
cb9ab313-c4c5-4d3a-8c3a-c6c2c2f0c5b0,200,.034872596
83785586-da7f-44f1-bf12-bbd5978a7ca8,200,.034718072
37ba569f-6045-48da-8134-e8cf6acdf6f1,200,.035407386
fe8f2a3f-d9d9-471f-bac5-4a29286b5bee,200,.036654685
7afa78b2-8c92-4d23-a4cb-aba0cf573e24,200,.037543393
d299a03c-1ef4-43a7-88bb-480e1279949a,200,.037302676
d72e7b3c-19ce-421d-9de4-c1c1458cb8ec,200,.036973841
c3bae45e-4d9a-42a9-b324-56413c666062,200,.036680044
dd672957-5252-4d69-a1fb-26ca5178bb1c,200,.037168473
322da33f-d099-493d-87d9-e096b8042d62,200,.037539147
904690dd-a10c-424e-8291-322df21d7ecd,200,.037908678
54118aed-14ec-48ed-b4bf-85e1421595fe,200,.038124548
2e97e1ce-4aad-43e3-9208-ec4f74bd5e11,200,.028509128
a79163d1-be22-4873-80e4-439308af36bc,200,.027182643
9c80b2e7-7d67-4d7e-b32f-6459b0dcb4de,200,.027333205
f195513e-40f1-448e-b625-6428e7a15e29,200,.033898959
ac005a31-a0e7-478b-9d8f-948b07de17b7,200,.027955999
81208e03-3564-4962-b97c-5eed4b97ef01,200,.023733391
83fa0ee4-126e-4b9c-8eb6-23b1d1fe47ba,200,.023624677
ad1dc4fc-fcb2-4bca-9be0-0f4c0ad8d97b,200,.029210432
369c00a8-843e-4dd5-a767-d50d2dba84fb,200,.030994423
0e81227c-fc1c-4aac-a327-c07f597a2107,200,.030326069
af66c978-6054-445e-a5e9-87d7b1fb9b9d,200,.026854695
16373d42-c085-449d-8933-08b4325e2cd9,200,.028988745
59e1d6fa-75d8-4d64-8420-20f438323fc1,200,.030110680
0b24f2c9-9cbb-4869-b8df-f3bdc401a165,200,.029693542
b88bd902-2c90-46c9-84bd-468603c613f1,200,.026404783
742af7c3-80d7-4d61-8ae6-643bac00d2cb,200,.029202877
aa3b5dfc-d92d-4531-bca5-b149c6b1cc0d,200,.027036804
01f649a9-fbbb-447d-9bca-d55029a107a9,200,.027183044
b1d1d5a0-1efa-468b-96ac-dc401dc177bc,200,.028341528
87e10361-31b9-49a3-b69c-00975b1baf86,200,.029079241
